Ala	Ala	Arg	Arg
Ala	Ala	Asn	Asn
Ala	Ala	Asp	Asp
Ala	Ala	Cys	Cys
Ala	Ala	Gln	Gln
Ala	Ala	Glu	Glu
Ala	Ala	Gly	Gly
Ala	Ala	His	His
Ala	Ala	Ile	Ile
Ala	Ala	Leu	Leu
Ala	Ala	Lys	Lys
Ala	Ala	Met	Met
Ala	Ala	Phe	Phe
Ala	Ala	Pro	Pro
Ala	Ala	Ser	Ser
Ala	Ala	Thr	Thr
Ala	Ala	Trp	Trp
Ala	Ala	Tyr	Tyr
Ala	Ala	Val	Val
Arg	Arg	Asn	Asn
Arg	Arg	Asp	Asp
Arg	Arg	Cys	Cys
Arg	Arg	Gln	Gln
Arg	Arg	Glu	Glu
Arg	Arg	Gly	Gly
Arg	Arg	His	His
Arg	Arg	Ile	Ile
Arg	Arg	Leu	Leu
Arg	Arg	Lys	Lys
Arg	Arg	Met	Met
Arg	Arg	Phe	Phe
Arg	Arg	Pro	Pro
Arg	Arg	Ser	Ser
Arg	Arg	Thr	Thr
Arg	Arg	Trp	Trp
Arg	Arg	Tyr	Tyr
Arg	Arg	Val	Val
Asn	Asn	Asp	Asp
Asn	Asn	Cys	Cys
Asn	Asn	Gln	Gln
Asn	Asn	Glu	Glu
Asn	Asn	Gly	Gly
Asn	Asn	His	His
Asn	Asn	Ile	Ile
Asn	Asn	Leu	Leu
Asn	Asn	Lys	Lys
Asn	Asn	Met	Met
Asn	Asn	Phe	Phe
Asn	Asn	Pro	Pro
Asn	Asn	Ser	Ser
Asn	Asn	Thr	Thr
Asn	Asn	Trp	Trp
Asn	Asn	Tyr	Tyr
Asn	Asn	Val	Val
Asp	Asp	Cys	Cys
Asp	Asp	Gln	Gln
Asp	Asp	Glu	Glu
Asp	Asp	Gly	Gly
Asp	Asp	His	His
Asp	Asp	Ile	Ile
Asp	Asp	Leu	Leu
Asp	Asp	Lys	Lys
Asp	Asp	Met	Met
Asp	Asp	Phe	Phe
Asp	Asp	Pro	Pro
Asp	Asp	Ser	Ser
Asp	Asp	Thr	Thr
Asp	Asp	Trp	Trp
Asp	Asp	Tyr	Tyr
Asp	Asp	Val	Val
Cys	Cys	Gln	Gln
Cys	Cys	Glu	Glu
Cys	Cys	Gly	Gly
Cys	Cys	His	His
Cys	Cys	Ile	Ile
Cys	Cys	Leu	Leu
Cys	Cys	Lys	Lys
Cys	Cys	Met	Met
Cys	Cys	Phe	Phe
Cys	Cys	Pro	Pro
Cys	Cys	Ser	Ser
Cys	Cys	Thr	Thr
Cys	Cys	Trp	Trp
Cys	Cys	Tyr	Tyr
Cys	Cys	Val	Val
Gln	Gln	Glu	Glu
Gln	Gln	Gly	Gly
Gln	Gln	His	His
Gln	Gln	Ile	Ile
Gln	Gln	Leu	Leu
Gln	Gln	Lys	Lys
Gln	Gln	Met	Met
Gln	Gln	Phe	Phe
Gln	Gln	Pro	Pro
Gln	Gln	Ser	Ser
Gln	Gln	Thr	Thr
Gln	Gln	Trp	Trp
Gln	Gln	Tyr	Tyr
Gln	Gln	Val	Val
Glu	Glu	Gly	Gly
Glu	Glu	His	His
Glu	Glu	Ile	Ile
Glu	Glu	Leu	Leu
Glu	Glu	Lys	Lys
Glu	Glu	Met	Met
Glu	Glu	Phe	Phe
Glu	Glu	Pro	Pro
Glu	Glu	Ser	Ser
Glu	Glu	Thr	Thr
Glu	Glu	Trp	Trp
Glu	Glu	Tyr	Tyr
Glu	Glu	Val	Val
Gly	Gly	His	His
Gly	Gly	Ile	Ile
Gly	Gly	Leu	Leu
Gly	Gly	Lys	Lys
Gly	Gly	Met	Met
Gly	Gly	Phe	Phe
Gly	Gly	Pro	Pro
Gly	Gly	Ser	Ser
Gly	Gly	Thr	Thr
Gly	Gly	Trp	Trp
Gly	Gly	Tyr	Tyr
Gly	Gly	Val	Val
His	His	Ile	Ile
His	His	Leu	Leu
His	His	Lys	Lys
His	His	Met	Met
His	His	Phe	Phe
His	His	Pro	Pro
His	His	Ser	Ser
His	His	Thr	Thr
His	His	Trp	Trp
His	His	Tyr	Tyr
His	His	Val	Val
Ile	Ile	Leu	Leu
Ile	Ile	Lys	Lys
Ile	Ile	Met	Met
Ile	Ile	Phe	Phe
Ile	Ile	Pro	Pro
Ile	Ile	Ser	Ser
Ile	Ile	Thr	Thr
Ile	Ile	Trp	Trp
Ile	Ile	Tyr	Tyr
Ile	Ile	Val	Val
Leu	Leu	Lys	Lys
Leu	Leu	Met	Met
Leu	Leu	Phe	Phe
Leu	Leu	Pro	Pro
Leu	Leu	Ser	Ser
Leu	Leu	Thr	Thr
Leu	Leu	Trp	Trp
Leu	Leu	Tyr	Tyr
Leu	Leu	Val	Val
Lys	Lys	Met	Met
Lys	Lys	Phe	Phe
Lys	Lys	Pro	Pro
Lys	Lys	Ser	Ser
Lys	Lys	Thr	Thr
Lys	Lys	Trp	Trp
Lys	Lys	Tyr	Tyr
Lys	Lys	Val	Val
Met	Met	Phe	Phe
Met	Met	Pro	Pro
Met	Met	Ser	Ser
Met	Met	Thr	Thr
Met	Met	Trp	Trp
Met	Met	Tyr	Tyr
Met	Met	Val	Val
Phe	Phe	Pro	Pro
Phe	Phe	Ser	Ser
Phe	Phe	Thr	Thr
Phe	Phe	Trp	Trp
Phe	Phe	Tyr	Tyr
Phe	Phe	Val	Val
Pro	Pro	Ser	Ser
Pro	Pro	Thr	Thr
Pro	Pro	Trp	Trp
Pro	Pro	Tyr	Tyr
Pro	Pro	Val	Val
Ser	Ser	Thr	Thr
Ser	Ser	Trp	Trp
Ser	Ser	Tyr	Tyr
Ser	Ser	Val	Val
Thr	Thr	Trp	Trp
Thr	Thr	Tyr	Tyr
Thr	Thr	Val	Val
Trp	Trp	Tyr	Tyr
Trp	Trp	Val	Val
Tyr	Tyr	Val	Val
